City_ID,City,Lat,Lng,Max Temp,Humidity,Cloudiness,Wind Speed,Country,Date
0,raja,8.4596,25.678,68.95,83,100,4.23,SS,24-06-29
1,barrow in furness,54.1167,-3.2333,52.81,83,4,13.31,GB,24-06-29
2,hadibu,12.65,54.0333,79.77,79,95,23.42,YE,24-06-29
3,oranjemund,-28.55,16.4333,58.48,79,100,4.38,NA,24-06-29
4,longyearbyen,78.2186,15.6401,46.24,61,0,16.11,SJ,24-06-29
5,stanley,54.868,-1.6985,47.28,85,40,4.61,GB,24-06-29
6,waitangi,-43.9535,-176.5597,50.83,80,74,1.99,NZ,24-06-29
7,albany,42.6001,-73.9662,72.75,80,100,9.06,US,24-06-29
8,edinburgh of the seven seas,-37.0676,-12.3116,59.49,88,100,32.21,SH,24-06-29
9,touros,-5.1989,-35.4608,74.68,84,34,10.27,BR,24-06-29
10,iqaluit,63.7506,-68.5145,37.13,93,100,4.61,CA,24-06-29
11,puerto natales,-51.7236,-72.4875,27.05,100,100,0.0,CL,24-06-29
12,talnakh,69.4865,88.3972,45.28,68,93,7.31,RU,24-06-29
13,ekangala,-25.6962,28.7492,44.58,75,9,4.0,ZA,24-06-29
14,port elizabeth,-33.918,25.5701,66.31,58,0,3.44,ZA,24-06-29
15,cabedelo,-6.9811,-34.8339,74.07,84,23,10.45,BR,24-06-29
16,vorkuta,67.5,64.0,45.95,99,100,9.37,RU,24-06-29
17,hawaiian paradise park,19.5933,-154.9731,79.74,71,3,3.0,US,24-06-29
18,papao,-17.75,-149.55,83.88,76,8,29.04,PF,24-06-29
19,tiksi,71.6872,128.8694,44.29,94,100,10.76,RU,24-06-29
20,koungou,-12.7336,45.2042,76.71,69,20,13.8,YT,24-06-29
21,wailua homesteads,22.0669,-159.378,81.39,71,20,11.5,US,24-06-29
22,qaqortoq,60.7167,-46.0333,36.75,84,0,3.71,GL,24-06-29
23,embalenhle,-26.5333,29.0667,44.67,76,5,4.47,ZA,24-06-29
24,vorgashor,67.5833,63.95,45.59,99,100,9.06,RU,24-06-29
25,sisimiut,66.9395,-53.6735,37.69,96,100,7.05,GL,24-06-29
26,kruisfontein,-34.0033,24.7314,56.88,72,100,2.71,ZA,24-06-29
27,jamestown,42.097,-79.2353,78.39,94,100,8.05,US,24-06-29
28,lebu,-37.6167,-73.65,44.55,82,4,6.46,CL,24-06-29
29,port-aux-francais,-49.35,70.2167,33.98,67,97,37.07,TF,24-06-29
30,puerto ayora,-0.7393,-90.3518,70.56,98,47,3.0,EC,24-06-29
31,adamstown,-25.066,-130.1015,67.57,57,50,28.45,PN,24-06-29
32,lethem,3.3803,-59.7968,76.57,86,3,2.86,GY,24-06-29
33,vilyuchinsk,52.9306,158.4028,68.27,63,100,6.35,RU,24-06-29
34,bethel,41.3712,-73.414,74.35,86,99,3.0,US,24-06-29
35,moreira sales,-24.0622,-53.0069,51.85,49,89,11.41,BR,24-06-29
36,lagoa,39.05,-27.9833,68.7,83,98,16.62,PT,24-06-29
37,brookings,44.3114,-96.7984,64.4,55,20,8.05,US,24-06-29
38,villa la venta,18.1,-94.05,78.87,92,100,8.75,MX,24-06-29
39,ilulissat,69.2167,-51.1,35.33,95,100,4.25,GL,24-06-29
40,sorsk,54.0033,90.2467,77.9,57,57,3.56,RU,24-06-29
41,atar,20.5169,-13.0499,91.02,12,5,12.19,MR,24-06-29
42,dungarpur,23.8333,73.7167,82.2,79,100,12.44,IN,24-06-29
43,invercargill,-46.4,168.35,49.01,77,100,5.01,NZ,24-06-29
44,dryden,49.7833,-92.7503,59.29,51,0,5.75,CA,24-06-29
45,chiavenna,46.3216,9.3986,73.71,77,99,1.01,IT,24-06-29
46,acarau,-2.8856,-40.12,76.78,85,40,10.29,BR,24-06-29
47,akureyri,65.6835,-18.0878,44.53,93,0,3.44,IS,24-06-29
48,deniliquin,-35.5333,144.9667,52.12,56,0,15.21,AU,24-06-29
49,huangzhou,30.45,114.8,80.38,86,100,3.38,CN,24-06-29
50,susuman,62.7833,148.1667,49.95,68,97,9.75,RU,24-06-29
51,punta arenas,-53.15,-70.9167,33.12,100,100,24.16,CL,24-06-29
52,bacobampo,26.9833,-109.65,88.11,46,13,4.34,MX,24-06-29
53,inongo,-1.95,18.2667,69.78,52,65,2.73,CD,24-06-29
54,hamilton,39.1834,-84.5333,74.93,95,0,1.01,US,24-06-29
55,zaozersk,69.4005,32.4476,49.1,98,100,4.07,RU,24-06-29
56,island harbour,50.724,-1.2758,61.93,83,100,1.99,GB,24-06-29
57,the pas,53.8251,-101.2541,69.82,32,0,6.91,CA,24-06-29
58,hankasalmi,62.3833,26.4333,55.9,77,100,4.29,FI,24-06-29
59,quellon,-43.1167,-73.6167,45.54,91,100,20.56,CL,24-06-29
60,coquimbo,-29.9533,-71.3436,53.33,100,100,2.3,CL,24-06-29
61,ciudad del maiz,22.4,-99.6,68.97,91,85,8.28,MX,24-06-29
62,dammam,26.4344,50.1033,82.51,83,0,2.3,SA,24-06-29
63,laguna,38.421,-121.4238,97.61,34,0,14.97,US,24-06-29
64,ust-nera,64.5667,143.2,57.25,50,97,3.11,RU,24-06-29
65,alangayam,12.6,78.75,78.84,72,100,4.16,IN,24-06-29
66,blackmans bay,-43.0167,147.3167,44.73,88,100,1.01,AU,24-06-29
67,grand-lahou,5.1367,-5.0242,76.87,90,100,10.25,CI,24-06-29
68,sidney,-33.8679,151.2073,57.7,91,75,20.71,AU,24-06-29
69,west island,-12.1568,96.8225,80.58,74,40,16.11,CC,24-06-29
70,fort bragg,35.139,-79.006,86.83,73,0,8.05,US,24-06-29
71,elesbao veloso,-6.2019,-42.1403,74.21,46,34,3.42,BR,24-06-29
72,grytviken,-54.2811,-36.5092,28.85,90,100,8.14,GS,24-06-29
73,margaret river,-33.95,115.0667,59.34,58,72,7.61,AU,24-06-29
74,plettenberg bay,-34.0527,23.3716,61.23,71,100,2.28,ZA,24-06-29
75,petawawa,45.9001,-77.3328,68.79,91,47,1.01,CA,24-06-29
76,antofagasta,-23.65,-70.4,56.48,75,33,7.02,CL,24-06-29
77,aykhal,66.0,111.5,64.96,29,100,17.29,RU,24-06-29
78,taghazout,30.5426,-9.7112,66.97,81,0,4.76,MA,24-06-29
79,namibe,-15.1961,12.1522,64.42,76,0,9.19,AO,24-06-29
80,as sulayyil,20.4607,45.5779,88.05,12,100,15.93,SA,24-06-29
81,durban,-29.8579,31.0292,50.92,42,2,6.53,ZA,24-06-29
82,hasaki,35.7333,140.8333,82.8,91,100,14.43,JP,24-06-29
83,baie-comeau,49.2168,-68.1489,55.08,100,100,0.0,CA,24-06-29
84,xingcheng,40.6167,120.7167,80.13,62,0,8.7,CN,24-06-29
85,minas de marcona,-15.2119,-75.1103,55.85,81,12,6.44,PE,24-06-29
86,cidreira,-30.1811,-50.2056,45.91,67,6,17.29,BR,24-06-29
87,st. john's,47.5649,-52.7093,53.15,92,100,11.5,CA,24-06-29
88,tofol,5.3248,163.0078,87.58,70,75,11.5,FM,24-06-29
89,champerico,14.3,-91.9167,76.96,91,100,10.89,GT,24-06-29
90,yulinshi,38.2906,109.7494,79.27,27,100,15.17,CN,24-06-29
91,papatowai,-46.5619,169.4708,51.94,60,97,6.58,NZ,24-06-29
92,iskateley,67.6803,53.1512,45.39,94,100,11.32,RU,24-06-29
93,hithadhoo,-0.6,73.0833,82.62,75,20,8.12,MV,24-06-29
94,yellowknife,62.456,-114.3525,72.12,47,40,15.01,CA,24-06-29
95,guerrero negro,27.9769,-114.0611,67.35,78,6,16.8,MX,24-06-29
96,kingston,17.997,-76.7936,85.15,66,100,18.41,JM,24-06-29
97,kota kinabalu,5.9749,116.0724,85.98,74,20,3.44,MY,24-06-29
98,cartagena del chaira,1.3349,-74.8429,73.96,92,95,3.11,CO,24-06-29
99,college,64.8569,-147.8028,81.45,44,64,2.08,US,24-06-29
100,hirara,24.8,125.2833,89.46,79,40,18.41,JP,24-06-29
101,alice springs,-23.7,133.8833,58.55,88,100,9.22,AU,24-06-29
102,ende,-8.8432,121.6623,76.46,90,98,9.33,ID,24-06-29
103,kailua-kona,19.6406,-155.9956,75.6,93,28,3.0,US,24-06-29
104,bilibino,68.0546,166.4372,63.73,57,100,6.24,RU,24-06-29
105,udachny,66.4167,112.4,64.8,42,100,9.17,RU,24-06-29
106,santa cruz de tenerife,28.4682,-16.2546,69.62,95,100,20.71,ES,24-06-29
107,antsiranana,-12.2787,49.2917,72.41,66,67,15.84,MG,24-06-29
108,ushuaia,-54.8,-68.3,26.26,80,0,3.44,AR,24-06-29
109,goondiwindi,-28.55,150.3167,67.53,77,88,14.56,AU,24-06-29
110,germantown,39.1732,-77.2717,84.11,92,96,6.8,US,24-06-29
111,olonkinbyen,70.9221,-8.7187,35.83,89,62,2.15,SJ,24-06-29
112,lianzhou,24.7811,112.3825,84.92,83,100,5.39,CN,24-06-29
113,nemuro,43.3236,145.575,57.78,94,64,9.71,JP,24-06-29
114,petropavlovsk-kamchatsky,53.0452,158.6483,66.79,64,75,6.71,RU,24-06-29
115,kerikeri,-35.2268,173.9474,59.83,55,24,3.98,NZ,24-06-29
116,rossosh',51.1209,38.5116,64.11,87,0,4.45,RU,24-06-29
117,ilha de mocambique,-15.0342,40.7358,74.53,77,67,9.84,MZ,24-06-29
118,tazovsky,67.4667,78.7,43.48,62,97,2.68,RU,24-06-29
119,sour el ghozlane,36.1477,3.6912,66.92,50,2,4.85,DZ,24-06-29
120,lihue,21.9789,-159.3672,81.99,68,20,11.5,US,24-06-29
121,santa marta,11.2408,-74.199,82.45,78,20,4.61,CO,24-06-29
122,viedma,-40.8135,-62.9967,39.43,51,100,8.01,AR,24-06-29
123,mount isa,-20.7333,139.5,83.97,48,40,6.91,AU,24-06-29
124,bredasdorp,-34.5322,20.0403,54.37,88,100,5.48,ZA,24-06-29
125,happy valley-goose bay,53.3168,-60.3315,57.51,94,75,6.91,CA,24-06-29
126,galesong,-5.3166,119.3661,80.62,72,93,3.89,ID,24-06-29
127,cabo san lucas,22.8909,-109.9124,92.5,69,23,18.16,MX,24-06-29
128,sikasso,10.9167,-7.0,78.26,84,100,3.42,ML,24-06-29
129,port alfred,-33.5906,26.891,63.18,72,94,1.01,ZA,24-06-29
130,manay,7.215,126.5397,78.19,89,100,2.51,PH,24-06-29
131,caleta de carquin,-11.0925,-77.6267,64.2,84,68,11.27,PE,24-06-29
132,kovalam,8.3667,76.9967,81.84,83,40,2.3,IN,24-06-29
133,tura,25.5198,90.2201,76.48,99,100,6.26,IN,24-06-29
134,hun,29.1268,15.9477,76.5,49,0,7.54,LY,24-06-29
135,gamba,-2.65,10.0,69.1,94,25,4.05,GA,24-06-29
136,kargasok,59.0556,80.8572,71.47,86,100,8.19,RU,24-06-29
137,flying fish cove,-10.4217,105.6791,78.48,94,75,16.11,CX,24-06-29
138,moyale,3.5167,39.0584,63.07,77,93,6.24,KE,24-06-29
139,avarua,-21.2078,-159.775,80.65,69,40,19.57,CK,24-06-29
140,beya,53.0533,90.9139,83.64,44,99,8.63,RU,24-06-29
141,arkhangel'sk,64.5401,40.5433,68.11,77,40,6.71,RU,24-06-29
142,rongelap,11.1635,166.8941,82.74,79,100,13.31,MH,24-06-29
143,del rio,29.3627,-100.8968,100.51,30,40,17.27,US,24-06-29
144,usinsk,65.9939,57.5281,54.43,91,100,13.53,RU,24-06-29
145,aasiaat,68.7098,-52.8699,36.05,96,100,15.9,GL,24-06-29
146,palikir - national government center,6.9248,158.1611,86.74,74,40,4.61,FM,24-06-29
147,nabire,-3.3667,135.4833,81.91,86,100,2.51,ID,24-06-29
148,ta`u,-14.2336,-169.5144,81.14,78,58,17.9,AS,24-06-29
149,menongue,-14.6585,17.691,48.24,61,0,4.43,AO,24-06-29
150,alofi,-19.0595,-169.9187,73.29,94,75,13.8,NU,24-06-29
151,awjilah,29.1081,21.2869,77.13,42,0,9.71,LY,24-06-29
152,san ignacio,17.1561,-89.0714,77.14,94,75,6.91,BZ,24-06-29
153,lanzhou,36.0564,103.7922,64.87,72,100,2.57,CN,24-06-29
154,badger,64.8,-147.5333,81.36,44,39,1.01,US,24-06-29
155,coshocton,40.272,-81.8596,79.47,91,86,3.53,US,24-06-29
156,dunkerque,50.8333,2.5,60.55,91,100,7.94,FR,24-06-29
157,nar'yan-mar,67.6713,53.087,45.55,94,100,11.18,RU,24-06-29
158,duminichi,53.9345,35.1099,63.88,95,100,3.96,RU,24-06-29
159,ballito,-29.539,31.2144,50.14,81,0,2.3,ZA,24-06-29
160,visakhapatnam,17.69,83.2093,82.29,89,75,5.75,IN,24-06-29
161,esmeraldas,-19.7625,-44.3139,69.04,50,10,2.53,BR,24-06-29
162,naze,28.3667,129.4833,85.12,78,100,16.37,JP,24-06-29
163,dudinka,69.4058,86.1778,47.39,59,31,8.79,RU,24-06-29
164,northam,51.0333,-4.2167,61.66,95,100,4.25,GB,24-06-29
165,quang ngai,15.1167,108.8,94.8,44,100,5.17,VN,24-06-29
166,basni,27.1667,73.65,86.32,71,60,13.6,IN,24-06-29
167,solnechnyy,50.7214,136.6319,62.91,59,100,7.52,RU,24-06-29
168,ola,59.5833,151.2833,50.29,87,100,9.46,RU,24-06-29
169,ixtapa,20.7,-105.2,81.23,79,97,1.01,MX,24-06-29
170,essaouira,31.5125,-9.77,67.5,82,0,11.5,MA,24-06-29
171,santa maria,-29.6842,-53.8069,36.7,93,0,2.3,BR,24-06-29
172,egilsstadir,65.2653,-14.3948,37.31,93,0,2.3,IS,24-06-29
173,kavaratti,10.5669,72.642,81.21,85,100,14.7,IN,24-06-29
174,smithers,54.7804,-127.1743,71.92,56,75,6.91,CA,24-06-29
175,lompoc,34.6391,-120.4579,65.84,77,0,12.66,US,24-06-29
176,axim,4.8699,-2.2405,76.57,92,87,7.2,GH,24-06-29
177,severobaykal'sk,55.65,109.3167,62.98,68,48,3.18,RU,24-06-29
178,farasan,16.7022,42.1183,89.26,75,28,4.79,SA,24-06-29
179,pangody,65.85,74.4859,53.19,61,12,4.74,RU,24-06-29
180,atafu village,-8.5421,-172.5159,83.61,77,42,13.58,TK,24-06-29
181,port mathurin,-19.6833,63.4167,72.16,82,95,25.21,MU,24-06-29
182,dawson creek,55.7666,-120.2362,64.04,68,20,3.44,CA,24-06-29
183,taoudenni,22.6783,-3.9836,98.1,8,0,10.89,ML,24-06-29
184,mandalgovi,45.7625,106.2708,68.09,44,12,16.28,MN,24-06-29
185,campo formoso,-10.5075,-40.3214,62.92,68,15,2.95,BR,24-06-29
186,luderitz,-26.6481,15.1594,54.52,89,40,4.52,NA,24-06-29
187,santiago de cao,-7.9589,-79.2392,64.53,88,75,10.36,PE,24-06-29
188,afaahiti,-17.75,-149.2833,82.27,78,53,25.97,PF,24-06-29
189,ventspils,57.3894,21.5606,48.13,100,9,0.0,LV,24-06-29
190,lhokseumawe,5.1801,97.1507,78.82,86,100,2.06,ID,24-06-29
191,kodiak,57.79,-152.4072,49.51,100,100,13.8,US,24-06-29
192,formosa do rio preto,-11.0483,-45.1931,70.36,46,4,3.38,BR,24-06-29
193,gobabis,-22.45,18.9667,49.37,57,2,12.28,NA,24-06-29
194,villa del totoral,-30.8167,-63.7167,42.73,34,6,7.87,AR,24-06-29
195,forster,-32.1667,152.5167,65.28,83,100,6.51,AU,24-06-29
196,saudarkrokur,65.7461,-19.6394,52.14,60,100,3.98,IS,24-06-29
197,usogorsk,63.4106,48.6872,62.13,66,2,5.88,RU,24-06-29
198,utrik,11.2278,169.8474,82.29,82,100,18.03,MH,24-06-29
199,al ghayzah,16.2079,52.176,80.91,86,88,6.89,YE,24-06-29
200,saldanha,-33.0117,17.9442,55.45,98,100,8.12,ZA,24-06-29
201,whitehorse,60.7161,-135.0538,75.97,31,75,16.11,CA,24-06-29
202,klyuchi,52.2667,79.1667,74.98,59,29,1.39,RU,24-06-29
203,tolanaro,-25.0319,46.9987,69.87,73,0,18.41,MG,24-06-29
204,berdigestyakh,62.0989,126.6992,73.33,34,95,6.42,RU,24-06-29
205,wynyard,-41.0,145.7167,49.87,53,5,8.32,AU,24-06-29
206,natal,-5.795,-35.2094,77.65,88,40,13.8,BR,24-06-29
207,mount pearl,47.5166,-52.7813,52.32,92,100,11.5,CA,24-06-29
208,ribeira grande,38.5167,-28.7,71.78,84,100,4.0,PT,24-06-29
209,virac,13.6333,124.2167,79.23,71,94,4.83,PH,24-06-29
210,basoko,1.2391,23.616,75.02,69,96,1.72,CD,24-06-29
211,samarinda,-0.5,117.15,78.89,88,99,4.5,ID,24-06-29
212,itigi,-5.7,34.4833,57.87,83,89,8.52,TZ,24-06-29
213,victoria de durango,24.0333,-104.6667,66.07,80,93,3.0,MX,24-06-29
214,winnipeg,49.8844,-97.147,66.18,37,20,6.91,CA,24-06-29
215,thompson,55.7435,-97.8558,71.76,28,20,8.05,CA,24-06-29
216,milagros,12.2181,123.5095,88.32,64,55,6.11,PH,24-06-29
217,punta cana,18.5818,-68.4043,82.17,89,40,10.36,DO,24-06-29
218,keflavik,64.0049,-22.5624,48.63,93,100,14.97,IS,24-06-29
219,nykobing falster,54.7691,11.8743,64.13,81,99,4.0,DK,24-06-29
220,pisco,-13.7,-76.2167,62.65,82,100,1.14,PE,24-06-29
221,glace bay,46.1969,-59.957,58.57,87,75,10.36,CA,24-06-29
222,rudnichnyy,59.617,52.4703,55.47,72,100,3.67,RU,24-06-29
223,gracemere,-23.4333,150.45,79.38,83,75,1.14,AU,24-06-29
224,gilgit,35.9221,74.3087,77.04,50,15,2.48,PK,24-06-29
225,chinchilla,-26.75,150.6333,71.02,78,1,4.0,AU,24-06-29
226,san luis obispo,35.3666,-120.5343,75.33,50,0,3.44,US,24-06-29
227,nyurba,63.2842,118.3319,73.15,59,100,8.55,RU,24-06-29
228,basco,20.4487,121.9702,86.25,75,31,11.92,PH,24-06-29
229,isafjordur,66.0755,-23.124,46.69,74,100,6.55,IS,24-06-29
230,broken hill,-31.95,141.4333,50.5,57,3,20.51,AU,24-06-29
231,carnarvon,-24.8667,113.6333,63.27,62,0,15.86,AU,24-06-29
232,enewetak,11.3474,162.3373,82.89,78,25,14.2,MH,24-06-29
233,riohacha,11.5444,-72.9072,82.17,69,2,11.25,CO,24-06-29
234,bubaque,11.2833,-15.8333,80.74,84,81,13.2,GW,24-06-29
235,portland,45.5234,-122.6762,73.63,72,78,3.0,US,24-06-29
236,pathein,16.7833,94.7333,78.93,92,100,8.05,MM,24-06-29
237,al balyana,26.2357,32.0035,82.62,30,18,7.63,EG,24-06-29
238,kaa-khem,51.6833,94.7333,83.7,29,44,2.86,RU,24-06-29
239,zeya,53.75,127.2667,74.46,23,0,7.4,RU,24-06-29
240,saryozek,44.3583,77.9753,75.74,48,100,7.43,KZ,24-06-29
241,faya-largeau,17.9257,19.1043,90.48,17,97,8.57,TD,24-06-29
242,tarauaca,-8.1614,-70.7656,77.77,72,20,2.15,BR,24-06-29
243,kolonia,50.9333,6.95,63.95,85,75,2.3,DE,24-06-29
244,kita,13.0349,-9.4895,79.43,67,65,5.53,ML,24-06-29
245,sao gabriel da cachoeira,-0.1303,-67.0892,73.87,97,68,0.69,BR,24-06-29
246,minot,48.2325,-101.2963,62.82,51,0,4.61,US,24-06-29
247,vernon,50.2581,-119.2691,81.45,38,100,5.99,CA,24-06-29
248,prince rupert,54.3161,-130.3201,59.09,88,100,3.44,CA,24-06-29
249,puerto baquerizo moreno,-0.9,-89.6,70.74,89,59,10.87,EC,24-06-29
250,callao,-12.0667,-77.15,62.73,88,100,11.5,PE,24-06-29
251,remire-montjoly,4.9167,-52.2667,77.04,100,0,1.14,GF,24-06-29
252,yeppoon,-23.1333,150.7333,79.25,72,4,7.05,AU,24-06-29
253,buta,2.7858,24.73,69.13,98,100,1.05,CD,24-06-29
254,kertih,4.5141,103.4483,84.51,70,77,5.03,MY,24-06-29
255,al wafrah,28.6392,47.9306,90.19,12,93,10.51,KW,24-06-29
256,pacific grove,36.6177,-121.9166,72.39,76,0,8.05,US,24-06-29
257,zhangjiakou,40.81,114.8794,76.95,52,36,2.21,CN,24-06-29
258,antalaha,-14.9003,50.2788,69.3,77,100,7.02,MG,24-06-29
259,novo aripuana,-5.1206,-60.3797,77.77,71,2,0.69,BR,24-06-29
260,isangel,-19.55,169.2667,77.11,53,40,5.75,VU,24-06-29
261,nantucket,41.2835,-70.0995,69.01,93,0,20.71,US,24-06-29
262,perevolotskiy,51.8763,54.1938,53.62,76,26,16.37,RU,24-06-29
263,sao joao da barra,-21.6403,-41.0511,71.4,91,18,6.53,BR,24-06-29
264,poronaysk,49.2167,143.1167,52.56,97,100,7.29,RU,24-06-29
265,santo antonio do ica,-3.1022,-67.9397,73.65,97,29,0.72,BR,24-06-29
266,mus,39.0,41.75,55.94,80,0,6.85,TR,24-06-29
267,puerto deseado,-47.7503,-65.8938,36.09,79,98,17.65,AR,24-06-29
268,labuan,5.2767,115.2417,82.76,83,20,2.3,MY,24-06-29
269,xiangtan,27.85,112.9,77.32,98,100,6.69,CN,24-06-29
270,selkirk,50.1436,-96.8845,66.27,75,0,3.94,CA,24-06-29
271,manta,-0.95,-80.7333,76.78,83,40,11.5,EC,24-06-29
272,ancud,-41.8697,-73.8203,46.65,86,100,18.41,CL,24-06-29
273,arteche,12.2645,125.4048,85.5,74,99,4.54,PH,24-06-29
274,timimoun,29.2639,0.231,95.38,8,0,3.44,DZ,24-06-29
275,port lincoln,-34.7333,135.8667,55.04,61,99,14.12,AU,24-06-29
276,murun-kuren,49.6342,100.1625,72.41,39,6,1.32,MN,24-06-29
277,vila franca do campo,37.7167,-25.4333,70.21,99,58,5.23,PT,24-06-29
278,calama,-22.4667,-68.9333,46.89,8,0,6.91,CL,24-06-29
279,puerto aysen,-45.4,-72.7,40.03,99,100,4.36,CL,24-06-29
280,vwawa,-9.1167,32.9333,50.11,94,39,4.92,TZ,24-06-29
281,rio grande,-32.035,-52.0986,41.95,72,11,17.22,BR,24-06-29
282,amble,55.3333,-1.5833,51.94,76,20,12.66,GB,24-06-29
283,sacramento,38.4666,-121.3177,98.33,31,0,14.97,US,24-06-29
284,chichibu,35.9903,139.0764,80.58,82,100,1.01,JP,24-06-29
285,arraial do cabo,-22.9661,-42.0278,73.02,79,100,14.81,BR,24-06-29
286,novyy turtkul',41.55,61.0167,71.51,30,2,7.7,UZ,24-06-29
287,aral,40.5156,81.2636,86.41,26,100,17.81,CN,24-06-29
288,sampacho,-33.3839,-64.7221,40.8,28,1,7.72,AR,24-06-29
289,zhanaozen,43.3,52.8,66.74,68,0,12.39,KZ,24-06-29
290,soio,-6.1349,12.3689,70.5,93,20,5.64,AO,24-06-29
291,hammerfest,70.6634,23.6821,61.25,77,100,3.44,NO,24-06-29
292,mahajanga,-15.7167,46.3167,62.62,77,0,4.61,MG,24-06-29
293,kambove,-10.8764,26.5969,53.55,64,0,4.76,CD,24-06-29
294,monte alegre de minas,-18.8706,-48.8808,67.26,40,34,2.68,BR,24-06-29
295,nova sintra,14.8667,-24.7167,74.01,84,7,24.9,CV,24-06-29
296,egra,50.0796,12.3739,73.17,88,98,4.79,CZ,24-06-29
297,ghanzi,-21.5667,21.7833,54.25,51,0,6.33,BW,24-06-29
298,taroa,8.7058,171.2275,81.63,81,100,13.91,MH,24-06-29
299,la ronge,55.1001,-105.2842,71.82,26,20,6.91,CA,24-06-29
300,new norfolk,-42.7826,147.0587,45.9,94,98,2.86,AU,24-06-29
301,kristiansund,63.1115,7.732,50.65,77,71,3.44,NO,24-06-29
302,nazareno,25.3833,-103.4167,83.5,32,72,13.47,MX,24-06-29
303,lom,43.8139,23.2361,70.34,65,11,1.25,BG,24-06-29
304,selfoss,63.9331,-20.9971,47.05,88,100,4.43,IS,24-06-29
305,kourou,5.1552,-52.6478,77.05,90,95,4.52,GF,24-06-29
306,elliot,-31.3333,27.85,49.93,57,100,9.08,ZA,24-06-29
307,yamada,39.4667,141.95,79.18,48,100,7.05,JP,24-06-29
308,alesund,62.4723,6.1549,56.34,60,100,9.22,NO,24-06-29
309,kapa'a,22.0752,-159.319,80.19,70,8,5.99,US,24-06-29
310,cankuzo,-3.1333,30.5833,56.37,68,72,1.81,BI,24-06-29
311,sablayan,12.8346,120.769,84.78,70,44,4.47,PH,24-06-29
312,muleshoe,34.2265,-102.7238,92.84,28,52,18.66,US,24-06-29
313,praia da vitoria,38.7333,-27.0667,71.76,88,75,9.19,PT,24-06-29
314,kalmunai,7.4167,81.8167,81.73,76,95,15.32,LK,24-06-29
315,qarazhal,48.0078,70.7903,76.24,26,2,15.03,KZ,24-06-29
316,djibouti,11.5,42.5,87.49,33,41,6.73,DJ,24-06-29
317,altpinar,39.2042,32.7478,57.45,65,83,10.56,TR,24-06-29
318,salahonda,2.1019,-78.7217,79.66,83,61,9.46,CO,24-06-29
319,chernyshevskiy,63.0128,112.4714,74.05,40,99,6.93,RU,24-06-29
320,turpan,42.9333,89.1667,102.25,14,56,12.55,CN,24-06-29
321,ulanhot,46.0833,122.0833,72.07,69,100,18.59,CN,24-06-29
322,ust-tsilma,65.441,52.1498,61.2,80,32,6.26,RU,24-06-29
323,komsomolets,53.7453,62.0708,49.91,97,100,19.44,KZ,24-06-29
324,belyy yar,53.6039,91.3903,78.69,61,0,0.0,RU,24-06-29
325,thinadhoo,0.5333,72.9333,82.71,75,18,7.49,MV,24-06-29
326,nandyal,15.4833,78.4833,83.97,63,100,8.05,IN,24-06-29
327,crane,31.3974,-102.3501,91.24,35,2,21.92,US,24-06-29
328,galle,6.0367,80.217,83.93,81,99,9.06,LK,24-06-29
329,fale old settlement,-9.3852,-171.2468,83.95,77,18,13.6,TK,24-06-29
330,tsiombe,-25.3,45.4833,57.69,73,61,4.74,MG,24-06-29
331,broome,42.2506,-75.833,73.2,89,100,4.0,US,24-06-29
332,baicheng,45.6167,122.8167,71.1,81,100,16.28,CN,24-06-29
333,ormara,25.2088,64.6357,87.24,73,94,9.15,PK,24-06-29
334,bardai,11.65,7.2333,76.3,68,23,4.99,NG,24-06-29
335,ghat,24.9647,10.1728,87.85,16,0,1.48,LY,24-06-29
336,mao,39.8885,4.2658,72.16,94,0,6.91,ES,24-06-29
337,cudillero,43.5622,-6.1459,60.91,93,100,2.3,ES,24-06-29
338,neiafu,-18.65,-173.9833,74.25,91,100,15.93,TO,24-06-29
339,moranbah,-22.0016,148.0466,76.48,55,0,10.13,AU,24-06-29
340,torzhok,57.0436,34.9622,62.35,91,79,3.62,RU,24-06-29
341,san juan,-31.5375,-68.5364,47.75,27,0,4.83,AR,24-06-29
342,ulsteinvik,62.3432,5.8487,56.32,66,54,5.01,NO,24-06-29
343,hindupur,13.8289,77.4933,77.31,73,100,9.66,IN,24-06-29
344,mejit,10.2753,170.8646,82.29,79,100,15.5,MH,24-06-29
345,buka,40.8108,69.1986,75.27,33,99,6.26,UZ,24-06-29
346,nikolayevsk-on-amure,53.1406,140.73,66.04,47,5,7.09,RU,24-06-29
347,turinsk,58.0458,63.696,49.84,78,100,12.08,RU,24-06-29
348,queenstown,-31.8976,26.8753,52.43,61,94,6.62,ZA,24-06-29
349,magadan,59.5667,150.8,49.44,90,100,6.17,RU,24-06-29
350,kununurra,-15.7667,128.7333,89.58,48,86,5.75,AU,24-06-29
351,atiquizaya,13.9769,-89.7525,70.52,97,100,0.76,SV,24-06-29
352,revda,56.801,59.9303,49.84,70,100,12.19,RU,24-06-29
353,port douglas,-16.4833,145.4667,76.51,73,44,11.21,AU,24-06-29
354,chincholi,17.4667,77.4333,79.38,76,100,12.68,IN,24-06-29
355,waihee-waiehu,20.9249,-156.5076,80.29,74,44,13.0,US,24-06-29
356,kitimat,54.0524,-128.6534,61.92,45,100,5.01,CA,24-06-29
357,uturoa,-16.7333,-151.4333,79.5,79,15,26.75,PF,24-06-29
358,new kingman-butler,35.265,-114.0323,100.83,6,0,15.66,US,24-06-29
359,tierp,60.3427,17.5181,51.98,75,99,5.73,SE,24-06-29
360,daru,-9.0763,143.2092,79.48,86,98,18.48,PG,24-06-29
361,manawar,22.2333,75.0833,82.26,79,100,7.9,IN,24-06-29
362,n'dalatando,-9.2978,14.9116,60.08,96,11,1.3,AO,24-06-29
363,trinidad,-14.8333,-64.9,68.36,44,92,9.1,BO,24-06-29
364,nuuk,64.1835,-51.7216,40.87,80,85,15.01,GL,24-06-29
365,hulyaypole,47.6653,36.2578,63.68,66,0,6.4,UA,24-06-29
366,vadso,70.0744,29.7487,47.28,93,100,21.85,NO,24-06-29
367,suntar,62.1444,117.6319,75.52,63,100,9.08,RU,24-06-29
368,westport,41.1415,-73.3579,75.27,84,100,5.01,US,24-06-29
369,saipan,15.1355,145.701,90.3,62,20,11.5,MP,24-06-29
370,greymouth,-42.4667,171.2,51.57,75,100,3.74,NZ,24-06-29
371,vilyuysk,63.7553,121.6247,72.99,69,100,7.61,RU,24-06-29
372,columbus,39.9612,-82.9988,79.21,93,0,4.61,US,24-06-29
373,verkhnevilyuysk,63.4453,120.3167,71.87,73,100,7.31,RU,24-06-29
374,khamis mushait,18.3064,42.7292,70.41,52,100,0.0,SA,24-06-29
375,waingapu,-9.6567,120.2641,85.39,63,100,15.26,ID,24-06-29
376,santa marta de ortigueira,43.6833,-7.85,63.1,100,100,1.86,ES,24-06-29
377,morehead city,34.7229,-76.726,83.01,85,75,8.99,US,24-06-29
378,san antonio de pale,-1.4014,5.6325,75.09,81,95,13.33,GQ,24-06-29
379,burang,30.25,81.1667,52.07,67,90,3.47,CN,24-06-29
380,ugoofaaru,5.6667,73.0,82.92,77,49,5.84,MV,24-06-29
381,gornozavodsk,58.3758,58.3211,52.81,65,0,4.74,RU,24-06-29
382,pudozh,61.8099,36.5345,61.54,94,64,4.47,RU,24-06-29
383,ceerigaabo,10.6162,47.368,61.27,69,72,19.57,SO,24-06-29
384,tamanrasset,22.785,5.5228,80.51,11,0,5.75,DZ,24-06-29
385,nagqu,31.5,92.0,50.36,56,71,7.74,CN,24-06-29
386,freetown,8.484,-13.2299,80.31,78,20,14.97,SL,24-06-29
387,klaksvik,62.2266,-6.589,47.32,93,95,23.76,FO,24-06-29
388,letlhakeng,-24.0944,25.0298,52.3,61,3,5.57,BW,24-06-29
389,qina,26.1642,32.7267,85.78,26,53,6.82,EG,24-06-29
390,kapuskasing,49.4169,-82.4331,48.2,93,100,11.5,CA,24-06-29
391,tocopilla,-22.092,-70.1979,64.87,64,0,6.15,CL,24-06-29
392,mancora,-4.1078,-81.0475,72.27,67,60,9.06,PE,24-06-29
393,kisanga,-7.4362,37.7034,66.7,93,18,0.87,TZ,24-06-29
394,phan rang-thap cham,11.5667,108.9833,89.89,55,58,6.13,VN,24-06-29
395,polyarnyy,69.1989,33.4478,52.63,96,100,0.98,RU,24-06-29
396,constantia,44.1833,28.65,68.7,53,0,8.28,RO,24-06-29
397,muscat,23.6139,58.5922,91.92,63,87,3.24,OM,24-06-29
398,reggane,26.7158,0.1714,99.9,6,0,7.96,DZ,24-06-29
399,choma,-16.8065,26.9531,51.28,76,5,2.84,ZM,24-06-29
400,namsos,64.4662,11.4957,53.65,87,100,8.05,NO,24-06-29
401,port macquarie,-31.4333,152.9167,73.98,60,75,4.7,AU,24-06-29
402,jijel,36.8205,5.7667,71.55,56,0,3.44,DZ,24-06-29
403,castillos,-34.1667,-53.8333,39.38,81,74,10.98,UY,24-06-29
404,kalaleh,37.3807,55.4916,71.19,82,96,4.07,IR,24-06-29
405,qianzhou,28.3167,109.7167,75.2,92,100,1.1,CN,24-06-29
406,almodovar del campo,38.7094,-4.1791,64.42,83,100,2.62,ES,24-06-29
407,punto fijo,11.6956,-70.1996,81.32,83,13,27.51,VE,24-06-29
408,sirur,18.8333,74.3833,77.81,80,100,8.7,IN,24-06-29
409,walvis bay,-22.9575,14.5053,56.35,94,0,5.75,NA,24-06-29
410,nebbi,2.4783,31.0889,67.3,68,64,4.43,UG,24-06-29
411,bikenibeu village,1.3673,173.1241,87.76,70,20,8.05,KI,24-06-29
412,megion,61.0296,76.1136,50.02,96,100,11.97,RU,24-06-29
413,san andres,12.5847,-81.7006,84.22,84,40,9.22,CO,24-06-29
414,cockburn town,21.4612,-71.1419,82.22,84,88,18.23,TC,24-06-29
415,havelian,34.0536,73.1657,82.83,65,28,4.09,PK,24-06-29
416,kittila,67.6647,24.8936,55.54,67,0,11.5,FI,24-06-29
417,sur,22.5667,59.5289,89.06,56,100,12.41,OM,24-06-29
418,tucurui,-3.7661,-49.6725,76.51,83,77,2.06,BR,24-06-29
419,hilo,19.7297,-155.09,79.95,80,35,4.0,US,24-06-29
420,shingu,33.7333,135.9833,76.55,93,100,5.19,JP,24-06-29
421,sona,45.4388,10.8255,74.86,78,0,4.61,IT,24-06-29
422,noumea,-22.2763,166.4572,76.98,99,71,14.88,NC,24-06-29
423,amursk,50.2261,136.8994,62.96,64,100,10.16,RU,24-06-29
424,lazaro cardenas,17.9583,-102.2,78.03,85,100,4.29,MX,24-06-29
425,tazacorte,28.629,-17.9293,68.14,95,100,11.5,ES,24-06-29
426,gisborne,-38.6533,178.0042,57.2,60,99,3.38,NZ,24-06-29
427,vozhega,60.4725,40.2213,62.6,87,100,3.15,RU,24-06-29
428,box elder,41.5005,-112.8764,74.71,39,0,4.23,US,24-06-29
429,palasa,18.7667,84.4167,85.15,70,100,6.58,IN,24-06-29
430,urangan,-25.3,152.9,66.43,85,0,8.93,AU,24-06-29
431,caldwell,43.6629,-116.6874,93.9,25,0,9.22,US,24-06-29
432,mbekenyera,-10.0,38.9833,63.14,91,5,3.4,TZ,24-06-29
433,mahibadhoo,3.7833,72.9667,82.67,78,7,9.55,MV,24-06-29
434,nova vicosa,-17.8919,-39.3719,72.52,83,7,8.43,BR,24-06-29
435,tindouf,27.6711,-8.1474,77.45,38,0,18.41,DZ,24-06-29
436,tyukhtet,56.5389,89.3011,79.38,65,83,6.24,RU,24-06-29
437,hermanus,-34.4187,19.2345,52.81,86,6,6.35,ZA,24-06-29
438,san sebastian de la gomera,28.0916,-17.1133,72.37,83,0,5.75,ES,24-06-29
439,richards bay,-28.783,32.0377,61.2,59,0,6.78,ZA,24-06-29
440,pandan,14.0453,124.1694,84.63,81,83,7.36,PH,24-06-29
441,weno,7.4515,151.8468,83.89,74,66,8.34,FM,24-06-29
442,mangaratiba,-22.9597,-44.0406,68.86,93,100,7.34,BR,24-06-29
443,suva,-18.1416,178.4415,78.28,73,75,6.91,FJ,24-06-29
444,sechura,-5.5569,-80.8222,65.71,77,0,15.37,PE,24-06-29
445,liwale,-9.7667,37.9333,60.1,90,4,3.06,TZ,24-06-29
446,georgetown,5.4112,100.3354,82.35,69,20,5.01,MY,24-06-29
447,macia,-25.0269,33.0989,56.93,91,0,4.97,MZ,24-06-29
448,tenenkou,14.4572,-4.9169,83.8,59,100,19.75,ML,24-06-29
449,garupa,-27.4817,-55.8292,38.95,81,0,4.52,AR,24-06-29
450,phongsali,21.6833,102.1058,73.69,85,100,2.26,LA,24-06-29
451,leh,34.1667,77.5833,58.21,50,20,4.45,IN,24-06-29
452,west fargo,46.875,-96.9004,62.65,55,40,6.91,US,24-06-29
453,puerto armuelles,8.2833,-82.8667,79.09,83,94,1.01,PA,24-06-29
454,luwuk,-0.9516,122.7875,81.54,70,77,7.38,ID,24-06-29
455,geraldton,-28.7667,114.6,57.61,88,0,0.0,AU,24-06-29
456,xining,36.6167,101.7667,59.38,67,100,1.95,CN,24-06-29
457,as samawah,31.332,45.2944,93.78,15,39,6.6,IQ,24-06-29
458,gao,16.6362,1.637,94.35,32,37,5.7,ML,24-06-29
459,fortaleza,-3.7227,-38.5247,78.93,89,20,2.3,BR,24-06-29
460,chokwe,-24.5333,32.9833,58.84,79,0,4.16,MZ,24-06-29
461,yaren,-0.5472,166.916,83.19,74,76,11.25,NR,24-06-29
462,rio preto da eva,-2.6994,-59.6997,77.04,71,20,2.1,BR,24-06-29
463,grand falls-windsor,48.9332,-55.6649,59.5,68,87,10.38,CA,24-06-29
464,paciran,-6.8767,112.3761,81.79,72,97,3.36,ID,24-06-29
465,kirkland lake,48.1446,-80.0377,59.29,94,93,3.44,CA,24-06-29
466,colonia,50.9333,6.95,63.95,85,75,2.3,DE,24-06-29
467,ulan bator,47.9077,106.8832,68.13,52,20,6.71,MN,24-06-29
468,chonchi,-42.6128,-73.8092,44.11,94,100,8.72,CL,24-06-29
469,villa gesell,-37.2639,-56.973,38.05,73,47,19.95,AR,24-06-29
470,kortenberg,50.887,4.5398,62.55,90,0,4.61,BE,24-06-29
471,muisne,0.6,-80.0333,77.74,85,91,5.97,EC,24-06-29
472,victorica,-36.2151,-65.4359,42.87,46,45,11.27,AR,24-06-29
473,constitucion,-35.3333,-72.4167,49.91,58,100,5.53,CL,24-06-29
474,dampit,-8.2116,112.7493,80.4,66,59,7.02,ID,24-06-29
475,grand rapids,42.9634,-85.6681,76.17,84,27,12.28,US,24-06-29
476,kandahar,31.0,65.75,82.8,42,5,13.87,AF,24-06-29
477,east london,-33.0153,27.9116,75.33,40,85,10.94,ZA,24-06-29
478,novospasskoye,53.1468,47.7514,55.26,79,26,4.92,RU,24-06-29
479,port said,31.2565,32.2841,78.78,73,40,6.91,EG,24-06-29
480,kuta,-8.7233,115.1723,84.15,79,40,9.22,ID,24-06-29
481,chibuto,-24.6867,33.5306,56.88,91,0,5.14,MZ,24-06-29
482,pekanbaru,0.5333,101.45,77.32,94,20,4.61,ID,24-06-29
483,ouesso,1.6136,16.0517,71.8,68,83,1.1,CG,24-06-29
484,sfizef,35.2346,-0.2444,67.5,52,0,2.44,DZ,24-06-29
485,nouadhibou,20.931,-17.0347,69.78,78,4,20.71,MR,24-06-29
486,vallenar,-28.5708,-70.7581,61.0,44,0,1.21,CL,24-06-29
487,kone,-21.0595,164.8658,79.88,37,0,6.2,NC,24-06-29
488,gigant,46.5066,41.3419,65.75,67,14,5.35,RU,24-06-29
489,bargaal,11.2864,51.0773,88.36,42,78,26.06,SO,24-06-29
490,filadelfia,39.9523,-75.1638,81.01,82,75,9.22,US,24-06-29
491,turriff,57.5384,-2.4593,54.32,87,100,15.03,GB,24-06-29
492,nili,33.7218,66.1302,69.1,37,0,6.08,AF,24-06-29
493,khandyga,62.6667,135.6,71.6,38,17,0.54,RU,24-06-29
494,kalawit,8.0667,122.5167,85.46,74,10,4.25,PH,24-06-29
495,fort st. john,56.2499,-120.8529,69.69,52,75,18.41,CA,24-06-29
496,gunjur,13.2019,-16.7339,80.67,83,40,5.75,GM,24-06-29
497,ambodifotatra,-16.9833,49.85,71.01,78,95,12.95,MG,24-06-29
498,guercif,34.2257,-3.3536,70.92,54,0,0.36,MA,24-06-29
499,qui nhon,13.7667,109.2333,87.6,60,100,3.71,VN,24-06-29
500,gadzhiyevo,69.2551,33.3362,51.98,97,100,1.95,RU,24-06-29
501,hellin,38.5106,-1.701,67.69,68,0,6.13,ES,24-06-29
502,prado,-17.3411,-39.2208,72.32,84,5,7.76,BR,24-06-29
503,vila velha,-20.3297,-40.2925,76.95,65,40,9.22,BR,24-06-29
504,kudahuvadhoo,2.6708,72.8944,82.54,74,28,5.01,MV,24-06-29
505,codrington,-38.2667,141.9667,52.63,57,96,14.81,AU,24-06-29
506,labrador city,52.9463,-66.9114,53.19,89,100,5.75,CA,24-06-29
507,scottburgh,-30.2867,30.7532,64.06,41,5,9.19,ZA,24-06-29
508,mogocha,53.7333,119.7667,74.64,29,100,5.41,RU,24-06-29
509,ryotsu-minato,38.0833,138.4333,71.58,90,100,10.2,JP,24-06-29
510,kananga,-5.8958,22.4178,67.68,49,48,4.14,CD,24-06-29
511,carlow,52.8408,-6.9261,50.45,95,0,4.54,IE,24-06-29
512,george town,5.4112,100.3354,87.73,69,20,4.61,MY,24-06-29
513,taltal,-25.4,-70.4833,57.99,81,23,3.94,CL,24-06-29
514,choyr,46.3611,108.3611,67.28,46,100,13.71,MN,24-06-29
515,anadyr,64.75,177.4833,46.9,87,75,13.42,RU,24-06-29
516,lebyazh'ye,55.2689,66.4947,57.25,95,100,3.22,RU,24-06-29
517,wanxian,30.8039,108.3897,83.95,74,24,3.33,CN,24-06-29
518,shoreview,45.0791,-93.1472,65.46,64,0,8.05,US,24-06-29
519,barra de santo antonio,-9.4047,-35.5072,69.08,77,4,2.91,BR,24-06-29
520,thunder bay,48.4001,-89.3168,53.58,76,75,10.36,CA,24-06-29
521,santa elena de uairen,4.6167,-61.1333,65.53,93,10,1.25,VE,24-06-29
522,douliu,23.7094,120.5433,91.45,49,89,13.94,TW,24-06-29
523,fort mcmurray,56.7268,-111.381,80.19,22,0,10.36,CA,24-06-29
524,saynshand,44.8824,110.1163,66.69,58,96,19.44,MN,24-06-29
525,sterling,39.0062,-77.4286,85.19,78,99,4.27,US,24-06-29
526,oroqen zizhiqi,50.5667,123.7167,72.72,28,0,6.31,CN,24-06-29
527,tafuna,-14.3358,-170.72,81.57,78,100,15.66,AS,24-06-29
528,ciudad lazaro cardenas,17.9583,-102.2,78.03,85,100,4.29,MX,24-06-29
529,bainbridge,47.6262,-122.5212,70.38,73,100,1.99,US,24-06-29
530,dunedin,-45.8742,170.5036,47.8,75,83,5.99,NZ,24-06-29
531,uusikaupunki,60.8004,21.4084,58.44,68,91,11.72,FI,24-06-29
532,maputsoe,-28.8833,27.9,41.65,77,100,2.35,LS,24-06-29
533,oban,56.4127,-5.4706,51.39,90,87,2.64,GB,24-06-29
534,ak-suu,42.4995,78.527,66.27,51,5,5.3,KG,24-06-29
535,quinte west,44.1834,-77.5662,73.92,93,75,14.97,CA,24-06-29
536,camabatela,-8.1881,15.375,57.49,78,4,2.44,AO,24-06-29
537,cowansville,45.2001,-72.7491,69.39,97,100,9.22,CA,24-06-29
538,kosh-agach,50.0,88.6667,69.53,45,92,2.19,RU,24-06-29
539,necochea,-38.5473,-58.7368,40.5,72,98,15.03,AR,24-06-29
540,peterhead,57.5058,-1.7981,54.0,90,100,11.21,GB,24-06-29
541,yuzhno-kurilsk,44.0306,145.8556,62.96,79,59,8.39,RU,24-06-29
542,mogadishu,2.0371,45.3438,78.03,83,90,16.78,SO,24-06-29
543,sitka,57.0531,-135.33,58.78,86,100,1.74,US,24-06-29
544,valparaiso,-33.0393,-71.6273,57.99,63,3,8.14,CL,24-06-29
545,bridlington,54.0831,-0.1919,56.89,91,100,3.0,GB,24-06-29
546,rakvere,59.3464,26.3558,49.96,88,19,5.19,EE,24-06-29
547,twon-brass,4.3151,6.2418,78.75,85,100,10.09,NG,24-06-29
548,kavieng,-2.5744,150.7967,83.62,77,89,15.52,PG,24-06-29
549,samalut,28.3121,30.7101,80.53,48,0,7.67,EG,24-06-29
550,coari,-4.085,-63.1414,74.71,91,5,1.48,BR,24-06-29
551,angaur state,6.906,134.13,80.83,83,100,9.44,PW,24-06-29
552,rosarito,32.3333,-117.0333,78.03,71,7,10.71,MX,24-06-29
553,konarka,19.9,86.1167,82.8,86,100,10.69,IN,24-06-29
554,mili,6.0815,171.735,83.23,71,60,5.46,MH,24-06-29
555,usman',52.0466,39.7288,59.04,93,1,4.63,RU,24-06-29
556,saint-pierre,-21.3393,55.4781,64.08,52,0,8.05,RE,24-06-29
557,mersa matruh,31.3525,27.2453,77.2,83,0,9.22,EG,24-06-29
558,paimio,60.4567,22.6869,53.98,94,88,1.01,FI,24-06-29
